state,population
Johor,4020.0
Kedah,2151.7
Kelantan,1812.3
Melaka,1004.5
Negeri Sembilan,1204.2
Pahang,1601.5
Perak,2515.8
Perlis,287.6
Pulau Pinang,1740.0
Sabah,3412.6
Sarawak,2465.6
Selangor,7014.7
Terengganu,1170.7
W.P. Kuala Lumpur,1964.0
W.P. Labuan,96.0
W.P. Putrajaya,115.2
