state,drug_addicts,population
Johor,2081,4020.0
Kedah,2196,2151.7
Kelantan,2167,1812.3
Melaka,539,1004.5
Negeri Sembilan,709,1204.2
Pahang,977,1601.5
Perak,1637,2515.8
Perlis,213,287.6
Pulau Pinang,1358,1740.0
Sabah,644,3412.6
Sarawak,712,2465.6
Selangor,1963,7014.7
Terengganu,2033,1170.7
W.P. Kuala Lumpur,857,1964.0
W.P. Labuan,48,96.0
W.P. Putrajaya,71,115.2
